Disease,Prevention1,Prevention2,Prevention3
"Diabetes Mellitus","Maintain a healthy weight","Exercise regularly","Limit excess sugar and refined carbohydrates"
"Hypertension","Reduce salt intake","Exercise regularly","Maintain a healthy weight"
"Asthma","Avoid known triggers","Do not smoke or inhale tobacco smoke","Follow the prescribed asthma action plan"
"COPD","Do not smoke","Avoid air pollution and harmful fumes","Stay physically active and maintain vaccinations"
"Pneumonia","Maintain good hand hygiene","Keep vaccinations up to date","Avoid smoking"
"Tuberculosis","Maintain good ventilation","Avoid prolonged exposure to untreated active TB","Complete preventive or treatment therapy when prescribed"
"COVID-19","Maintain good hand hygiene","Improve indoor ventilation","Follow current vaccination and infection-control guidance"
"Influenza","Get recommended seasonal vaccination","Wash hands regularly","Avoid close contact with people who are sick"
"Dengue","Prevent mosquito bites","Remove standing water around the home","Use mosquito nets or repellents"
"Malaria","Use mosquito repellents","Sleep under insecticide-treated nets","Reduce mosquito breeding sites"
"Typhoid","Drink safe treated water","Maintain food hygiene","Wash hands regularly"
"Cholera","Drink safe water","Maintain proper sanitation","Wash hands before eating and preparing food"
"Hepatitis A","Practice good hand hygiene","Drink safe water","Follow recommended vaccination"
"Hepatitis B","Follow recommended vaccination","Avoid sharing needles or personal items contaminated with blood","Practice safer sex"
"Fatty Liver Disease","Maintain a healthy weight","Exercise regularly","Limit alcohol intake"
"Gastritis","Avoid unnecessary NSAID use","Limit alcohol","Avoid foods that trigger symptoms"
"GERD","Maintain a healthy weight","Avoid lying down soon after meals","Limit foods that trigger reflux"
"Peptic Ulcer Disease","Avoid unnecessary NSAIDs","Avoid smoking","Treat H. pylori infection when diagnosed"
"Irritable Bowel Syndrome (IBS)","Identify and avoid personal food triggers","Manage stress","Maintain regular physical activity"
"Crohn's Disease","Avoid smoking","Follow medical and nutritional advice","Attend regular specialist checkups"
"Ulcerative Colitis","Follow prescribed treatment","Avoid known personal triggers","Attend regular specialist checkups"
"Kidney Stones","Drink adequate water","Limit excessive salt","Follow dietary advice based on stone type"
"Chronic Kidney Disease","Control blood pressure","Control diabetes","Avoid unnecessary NSAID use"
"Urinary Tract Infection","Maintain good personal hygiene","Drink adequate fluids","Do not delay urination"
"Migraine","Identify and avoid personal triggers","Maintain regular sleep","Stay adequately hydrated"
"Epilepsy","Take prescribed medicines consistently","Maintain regular sleep","Avoid known seizure triggers"
"Parkinson's Disease","Exercise regularly as appropriate","Prevent falls","Attend regular medical follow-ups"
"Alzheimer's Disease","Maintain regular physical activity","Control cardiovascular risk factors","Stay socially and mentally active"
"Multiple Sclerosis","Maintain regular physical activity","Avoid smoking","Attend regular specialist follow-ups"
"Stroke","Control blood pressure","Do not smoke","Control diabetes and cholesterol"
"Osteoarthritis","Maintain a healthy weight","Exercise regularly","Protect joints from excessive strain"
"Rheumatoid Arthritis","Do not smoke","Maintain regular physical activity","Seek early medical evaluation for persistent joint symptoms"
"Osteoporosis","Ensure adequate calcium and vitamin D","Perform weight-bearing exercise","Prevent falls"
"Gout","Maintain a healthy weight","Limit excessive alcohol","Stay adequately hydrated"
"Fibromyalgia","Maintain regular physical activity","Maintain a consistent sleep schedule","Manage stress"
"Psoriasis","Avoid known triggers","Do not smoke","Maintain a healthy weight and lifestyle"
"Eczema (Atopic Dermatitis)","Moisturize skin regularly","Avoid known skin irritants","Use gentle fragrance-free products"
"Acne Vulgaris","Clean skin gently","Avoid squeezing pimples","Use non-comedogenic skin products"
"Cellulitis","Clean and protect skin wounds","Treat skin infections promptly","Maintain good skin hygiene"
"Fungal Infection","Keep skin clean and dry","Avoid sharing towels and clothing","Wear breathable footwear and clothing"
"Hypothyroidism","Attend regular thyroid checkups","Take prescribed treatment correctly","Maintain a balanced diet"
"Hyperthyroidism","Attend regular thyroid checkups","Take prescribed treatment correctly","Avoid excessive iodine supplements unless advised"
"Polycystic Ovary Syndrome (PCOS)","Maintain a healthy weight","Exercise regularly","Attend regular gynecological checkups"
"Endometriosis","Attend regular gynecological checkups","Maintain regular physical activity","Seek evaluation for persistent pelvic pain"
"Cervical Cancer","Attend recommended cervical screening","Get HPV vaccination when eligible","Avoid smoking"
"Breast Cancer","Attend recommended breast screening","Know and report unusual breast changes","Maintain a healthy lifestyle"
"Prostate Cancer","Attend age-appropriate medical screening","Maintain a healthy weight","Exercise regularly"
"Colon Cancer","Attend recommended colorectal screening","Eat a fiber-rich balanced diet","Avoid smoking and excessive alcohol"
"Leukemia","Avoid unnecessary exposure to harmful chemicals and radiation","Maintain regular medical care","Report persistent unexplained symptoms promptly"
"Lymphoma","Maintain a healthy lifestyle","Avoid unnecessary exposure to harmful chemicals","Seek medical evaluation for persistent swollen lymph nodes"
"Major Depressive Disorder","Maintain social connections","Exercise regularly and maintain a healthy routine","Seek professional help when symptoms persist"
"Generalized Anxiety Disorder","Practice stress-management techniques","Exercise regularly","Maintain regular sleep and healthy routines"
"Bipolar Disorder","Maintain a regular sleep schedule","Avoid alcohol and recreational drugs","Continue prescribed treatment and regular psychiatric care"
"Schizophrenia","Seek early professional support for concerning symptoms","Avoid recreational drugs","Maintain regular mental-health follow-up"
"Obsessive Compulsive Disorder (OCD)","Seek professional help for persistent intrusive thoughts or compulsions","Manage stress","Maintain regular sleep and daily routines"
"Autism Spectrum Disorder","Support healthy pregnancy and early childhood development","Seek developmental assessment when concerns arise","Provide early support when developmental differences are identified"
"Attention Deficit Hyperactivity Disorder (ADHD)","Maintain healthy sleep habits","Provide structured routines and support","Seek professional assessment when persistent symptoms affect daily life"
"Sleep Apnea","Maintain a healthy weight","Avoid excessive alcohol and sedatives before sleep","Seek evaluation for persistent loud snoring or daytime sleepiness"
"Insomnia","Maintain a consistent sleep schedule","Limit caffeine late in the day","Create a quiet and comfortable sleeping environment"
"Chronic Fatigue Syndrome","Avoid overexertion","Maintain balanced activity and rest","Seek medical evaluation for persistent unexplained fatigue"
"Acute Sinusitis","Wash hands regularly","Avoid tobacco smoke and irritants","Manage allergies appropriately"
"Chronic Sinusitis","Manage allergies","Avoid smoking and environmental irritants","Maintain appropriate nasal hygiene"
"Otitis Media","Maintain good hand hygiene","Avoid exposure to tobacco smoke","Keep recommended vaccinations up to date"
"Conjunctivitis","Wash hands frequently","Avoid touching or rubbing the eyes","Do not share towels or eye cosmetics"
"Glaucoma","Attend regular eye examinations","Know your family eye-health history","Follow treatment for conditions that increase eye-pressure risk"
"Cataract","Protect eyes from excessive UV exposure","Avoid smoking","Control diabetes and other health conditions"
"Allergic Rhinitis","Identify and reduce exposure to allergens","Keep indoor areas clean","Avoid tobacco smoke"
"Tonsillitis","Wash hands regularly","Avoid sharing utensils with people who are sick","Treat throat infections appropriately"
"Pharyngitis","Wash hands regularly","Avoid close contact with people who have respiratory infections","Avoid sharing drinking utensils"
"Laryngitis","Avoid smoking","Avoid excessive voice strain","Treat respiratory and reflux conditions appropriately"
"Coronary Artery Disease (CAD)","Do not smoke","Control blood pressure and cholesterol","Exercise regularly"
"Heart Failure","Control blood pressure and diabetes","Avoid smoking","Maintain a heart-healthy lifestyle"
"Arrhythmia","Control cardiovascular risk factors","Limit excessive alcohol and stimulants","Attend medical evaluation for persistent palpitations"
"Deep Vein Thrombosis (DVT)","Avoid prolonged immobility","Move regularly during long travel","Discuss clot-prevention measures with a doctor when at increased risk"
"Peripheral Artery Disease (PAD)","Do not smoke","Control diabetes and cholesterol","Exercise regularly"
"Hyperlipidemia","Eat a heart-healthy diet","Exercise regularly","Maintain a healthy weight"
"Obesity","Maintain a balanced diet","Exercise regularly","Maintain healthy sleep and daily routines"
"Metabolic Syndrome","Maintain a healthy weight","Exercise regularly","Control blood pressure, blood sugar, and cholesterol"
"Iron Deficiency Anemia","Eat iron-rich foods","Identify and treat sources of blood loss","Follow recommended screening and medical care"
"Vitamin B12 Deficiency Anemia","Consume adequate vitamin B12","Address conditions that interfere with B12 absorption","Attend medical checkups when at risk"
"Sickle Cell Disease","Attend genetic counseling when appropriate","Maintain good hydration","Avoid known triggers and seek regular specialist care"
"Thalassemia","Seek genetic counseling when appropriate","Attend regular blood monitoring","Follow specialist treatment recommendations"
"Hemophilia","Use appropriate injury-prevention measures","Avoid medicines that increase bleeding unless prescribed","Maintain regular hematology care"
"Hypoglycemia","Follow diabetes medication instructions carefully","Eat regular balanced meals","Monitor blood glucose when advised"
"Hyperglycemic Crisis (DKA/HHS)","Follow prescribed diabetes treatment","Monitor blood glucose as advised","Seek medical care promptly during severe illness or persistent high glucose"
"Acute Pancreatitis","Avoid excessive alcohol","Do not smoke","Manage gallstones and other risk factors with medical care"
"Chronic Pancreatitis","Avoid alcohol","Do not smoke","Follow medical treatment for underlying causes"
"Appendicitis","There is no reliable way to prevent most cases","Seek prompt medical care for worsening abdominal pain","Do not delay evaluation of suspected appendicitis"
"Gallstones (Cholelithiasis)","Maintain a healthy weight","Avoid rapid weight loss","Follow a balanced diet with appropriate dietary fat"
"Acute Cholecystitis","Manage gallstone disease appropriately","Maintain a healthy weight","Seek medical care promptly for severe upper abdominal pain"
"Chronic Liver Disease (Cirrhosis)","Avoid excessive alcohol","Prevent hepatitis through vaccination and safe practices","Manage metabolic conditions and maintain a healthy weight"
"Alcoholic Liver Disease","Avoid alcohol","Seek help for alcohol-use problems when needed","Maintain a balanced diet and regular medical care"
"Non-Alcoholic Fatty Liver Disease (NAFLD)","Maintain a healthy weight","Exercise regularly","Control diabetes and cholesterol"
"Liver Cancer (Hepatocellular Carcinoma)","Prevent hepatitis B through vaccination","Reduce risk of chronic liver disease","Attend medical monitoring when chronic liver disease is present"
"Portal Hypertension","Prevent and manage chronic liver disease","Avoid excessive alcohol","Follow regular liver-specialist care"
"HIV/AIDS","Use appropriate HIV prevention methods","Do not share needles","Get tested and receive treatment when indicated"
"Sepsis","Prevent infections through vaccination and hygiene","Treat serious infections promptly","Seek urgent medical care when severe infection symptoms develop"
"Systemic Lupus Erythematosus (SLE)","Avoid excessive sun exposure","Do not smoke","Attend regular medical follow-ups"
"Rheumatic Fever","Treat streptococcal throat infections appropriately","Complete prescribed antibiotic treatment","Follow secondary prevention when recommended"
"Long COVID","Reduce risk of acute COVID-19 infection","Follow recommended vaccination guidance","Seek medical evaluation for persistent symptoms after infection"